user_id,student_id,name,gender,college,major,clazz
1,202400001,刘强,男,计算机科学与技术学院,软件工程,软件242班
2,202200002,何博,男,信息与通信工程学院,物联网工程,物联224班
3,202200003,张红梅,男,计算机科学与技术学院,软件工程,软件222班
4,202200004,陈岩,男,外国语学院,商务英语,商务224班
5,202400005,黄阳,男,信息与通信工程学院,电子信息工程,电子242班
6,202400006,毛小红,男,数学学院,统计学,统计242班
7,202200007,董楠,女,电子工程学院,微电子学,微电221班
8,202400008,吴桂英,男,电子工程学院,集成电路设计,集成244班
9,202500009,聂云,男,外国语学院,英语,英语253班
10,202300010,黄秀荣,男,外国语学院,翻译,翻译231班
11,202200011,李玉,男,信息与通信工程学院,电子信息工程,电子221班
12,202500012,张凤兰,女,数学学院,统计学,统计252班
13,202300013,高静,女,电子工程学院,集成电路设计,集成231班
14,202300014,丛波,男,外国语学院,商务英语,商务232班
15,202400015,盛波,男,数学学院,统计学,统计243班
16,202200016,马金凤,女,计算机科学与技术学院,人工智能,人工224班
17,202300017,吕宁,女,电子工程学院,微电子学,微电232班
18,202500018,高莹,男,数学学院,统计学,统计253班
19,202400019,萧淑华,女,信息与通信工程学院,通信工程,通信244班
20,202300020,杜斌,女,电子工程学院,微电子学,微电231班
21,202300021,贺建华,男,计算机科学与技术学院,软件工程,软件234班
22,202500022,何飞,女,外国语学院,英语,英语254班
23,202200023,魏晶,男,外国语学院,翻译,翻译223班
24,202400024,窦玉梅,女,电子工程学院,微电子学,微电242班
25,202400025,宁玲,男,数学学院,数学与应用数学,数学241班
26,202300026,扈丽娟,男,电子工程学院,光电信息,光电233班
27,202200027,徐凤兰,女,信息与通信工程学院,物联网工程,物联224班
28,202400028,郭斌,女,计算机科学与技术学院,软件工程,软件242班
29,202200029,贾荣,男,计算机科学与技术学院,人工智能,人工224班
30,202300030,李帅,女,计算机科学与技术学院,人工智能,人工232班
31,202500031,侯刚,男,电子工程学院,光电信息,光电252班
32,202400032,俞东,女,电子工程学院,集成电路设计,集成244班
33,202300033,李洁,男,计算机科学与技术学院,人工智能,人工233班
34,202300034,苏秀英,男,计算机科学与技术学院,人工智能,人工231班
35,202200035,杨宁,男,计算机科学与技术学院,人工智能,人工223班
36,202400036,方鹏,女,计算机科学与技术学院,人工智能,人工242班
37,202500037,张娜,男,外国语学院,英语,英语254班
38,202200038,王丽丽,男,数学学院,数学与应用数学,数学224班
39,202500039,范亮,女,电子工程学院,集成电路设计,集成251班
40,202500040,李志强,女,计算机科学与技术学院,软件工程,软件251班
41,202300041,刘艳,女,信息与通信工程学院,通信工程,通信232班
42,202400042,刘勇,女,数学学院,数学与应用数学,数学242班
43,202200043,郝帆,男,计算机科学与技术学院,数据科学,数据221班
44,202300044,李秀华,女,计算机科学与技术学院,人工智能,人工234班
45,202500045,孙璐,男,数学学院,数学与应用数学,数学252班
46,202500046,冯峰,女,数学学院,数学与应用数学,数学254班
47,202500047,王坤,男,电子工程学院,集成电路设计,集成252班
48,202200048,王桂兰,男,电子工程学院,微电子学,微电223班
49,202500049,陈丹丹,男,计算机科学与技术学院,软件工程,软件251班
50,202300050,黄丽华,男,外国语学院,英语,英语231班
51,202200051,邱磊,男,信息与通信工程学院,电子信息工程,电子221班
52,202500052,程华,女,外国语学院,英语,英语253班
53,202400053,李瑞,男,信息与通信工程学院,物联网工程,物联243班
54,202400054,吴凯,女,数学学院,数学与应用数学,数学243班
55,202500055,张杰,男,计算机科学与技术学院,软件工程,软件251班
56,202400056,尹娜,男,外国语学院,英语,英语243班
57,202400057,赵琳,女,计算机科学与技术学院,人工智能,人工242班
58,202400058,卢玉兰,男,数学学院,金融数学,金融243班
59,202400059,孙柳,男,计算机科学与技术学院,人工智能,人工241班
60,202400060,萧佳,女,外国语学院,英语,英语242班
61,202400061,黄燕,女,电子工程学院,微电子学,微电243班
62,202500062,钟岩,女,计算机科学与技术学院,软件工程,软件251班
63,202300063,朱斌,女,计算机科学与技术学院,网络安全,网络232班
64,202500064,史建华,男,数学学院,金融数学,金融251班
65,202200065,李建,女,计算机科学与技术学院,人工智能,人工222班
66,202200066,吕柳,女,数学学院,数学与应用数学,数学223班
67,202300067,郭琳,男,计算机科学与技术学院,网络安全,网络231班
68,202500068,朱阳,男,电子工程学院,光电信息,光电252班
69,202500069,刘玉,男,信息与通信工程学院,通信工程,通信252班
70,202300070,许莉,女,电子工程学院,集成电路设计,集成232班
71,202200071,郑婷婷,女,计算机科学与技术学院,数据科学,数据222班
72,202400072,李岩,女,信息与通信工程学院,电子信息工程,电子242班
73,202300073,凌文,女,信息与通信工程学院,通信工程,通信233班
74,202400074,黄成,女,电子工程学院,微电子学,微电244班
75,202200075,喻峰,男,外国语学院,翻译,翻译223班
76,202400076,阮峰,男,信息与通信工程学院,物联网工程,物联241班
77,202400077,谢帆,女,外国语学院,翻译,翻译244班
78,202200078,郭瑜,女,外国语学院,商务英语,商务222班
79,202500079,侯柳,男,电子工程学院,微电子学,微电252班
80,202200080,余玉兰,女,电子工程学院,集成电路设计,集成223班
81,202400081,李峰,女,计算机科学与技术学院,网络安全,网络243班
82,202400082,祖东,男,数学学院,金融数学,金融242班
83,202500083,姚淑英,男,数学学院,金融数学,金融253班
84,202200084,杜秀珍,女,数学学院,金融数学,金融223班
85,202400085,黄淑珍,女,信息与通信工程学院,电子信息工程,电子244班
86,202300086,邵海燕,女,数学学院,金融数学,金融232班
87,202400087,王淑兰,男,计算机科学与技术学院,网络安全,网络242班
88,202300088,林丹,男,电子工程学院,微电子学,微电231班
89,202500089,赵涛,男,计算机科学与技术学院,人工智能,人工254班
90,202300090,陈桂芝,女,数学学院,金融数学,金融234班
91,202300091,张玉珍,男,数学学院,数学与应用数学,数学231班
92,202300092,张丽,女,数学学院,数学与应用数学,数学231班
93,202200093,王文,女,外国语学院,英语,英语222班
94,202400094,曹帆,女,数学学院,金融数学,金融244班
95,202300095,杨金凤,女,外国语学院,翻译,翻译234班
96,202400096,龚秀珍,女,电子工程学院,微电子学,微电242班
97,202200097,刘俊,女,电子工程学院,集成电路设计,集成222班
98,202400098,仇俊,男,电子工程学院,集成电路设计,集成242班
99,202500099,郭冬梅,男,信息与通信工程学院,通信工程,通信252班
100,202500100,谭峰,女,计算机科学与技术学院,数据科学,数据254班
101,202300101,林慧,女,数学学院,数学与应用数学,数学234班
102,202200102,张勇,女,外国语学院,商务英语,商务224班
103,202400103,孔玉华,女,计算机科学与技术学院,网络安全,网络244班
104,202300104,陈红霞,女,外国语学院,商务英语,商务232班
105,202500105,李瑞,男,电子工程学院,集成电路设计,集成254班
106,202500106,李帅,男,电子工程学院,光电信息,光电254班
107,202200107,徐超,女,信息与通信工程学院,物联网工程,物联221班
108,202300108,赵明,女,计算机科学与技术学院,数据科学,数据232班
109,202500109,程芳,女,计算机科学与技术学院,网络安全,网络252班
110,202400110,杨洁,女,数学学院,统计学,统计243班
111,202200111,李桂香,女,数学学院,统计学,统计221班
112,202400112,叶淑英,男,外国语学院,英语,英语241班
113,202300113,赵建华,男,计算机科学与技术学院,软件工程,软件231班
114,202300114,张雪,男,外国语学院,英语,英语234班
115,202500115,钟娟,女,计算机科学与技术学院,人工智能,人工253班
116,202200116,金建,男,信息与通信工程学院,物联网工程,物联223班
117,202400117,吴金凤,女,计算机科学与技术学院,软件工程,软件244班
118,202300118,韩飞,男,信息与通信工程学院,通信工程,通信233班
119,202200119,檀彬,女,外国语学院,英语,英语224班
120,202400120,姜波,男,电子工程学院,微电子学,微电244班
121,202500121,张冬梅,女,数学学院,数学与应用数学,数学254班
122,202300122,宁秀珍,女,信息与通信工程学院,电子信息工程,电子234班
123,202400123,陆璐,女,数学学院,统计学,统计242班
124,202500124,李丽华,男,计算机科学与技术学院,网络安全,网络254班
125,202500125,刘雪梅,女,外国语学院,商务英语,商务251班
126,202300126,李秀芳,女,数学学院,统计学,统计232班
127,202400127,冯秀兰,女,电子工程学院,集成电路设计,集成243班
128,202300128,虞梅,男,外国语学院,英语,英语232班
129,202300129,葛莹,女,数学学院,统计学,统计234班
130,202200130,张勇,女,数学学院,数学与应用数学,数学222班
131,202300131,李静,女,数学学院,金融数学,金融233班
132,202400132,谢娜,女,数学学院,金融数学,金融243班
133,202500133,吴雪,女,电子工程学院,光电信息,光电253班
134,202200134,苏欣,男,电子工程学院,微电子学,微电223班
135,202300135,马桂花,男,计算机科学与技术学院,人工智能,人工234班
136,202400136,郭建平,男,电子工程学院,光电信息,光电242班
137,202400137,陈柳,男,电子工程学院,微电子学,微电243班
138,202400138,冯峰,男,计算机科学与技术学院,人工智能,人工241班
139,202300139,黄玉华,女,外国语学院,翻译,翻译231班
140,202500140,常秀华,女,计算机科学与技术学院,网络安全,网络254班
141,202200141,魏莹,女,电子工程学院,微电子学,微电224班
142,202500142,韩秀英,女,计算机科学与技术学院,软件工程,软件251班
143,202200143,赵丽娟,男,外国语学院,商务英语,商务222班
144,202200144,王静,男,外国语学院,翻译,翻译221班
145,202300145,黄娟,女,外国语学院,翻译,翻译234班
146,202500146,张鹏,女,数学学院,统计学,统计251班
147,202200147,迟丽华,男,外国语学院,商务英语,商务222班
148,202200148,张雪,男,电子工程学院,光电信息,光电222班
149,202200149,马勇,男,信息与通信工程学院,物联网工程,物联221班
150,202500150,吴凤兰,女,数学学院,统计学,统计251班
151,202400151,张建,女,信息与通信工程学院,电子信息工程,电子241班
152,202300152,王桂荣,女,信息与通信工程学院,电子信息工程,电子231班
153,202300153,林建华,女,外国语学院,英语,英语232班
154,202300154,翟海燕,女,计算机科学与技术学院,软件工程,软件233班
155,202500155,李兵,女,数学学院,数学与应用数学,数学254班
156,202500156,夏玉华,女,电子工程学院,光电信息,光电251班
157,202500157,钟辉,女,外国语学院,英语,英语253班
158,202300158,叶雪,男,计算机科学与技术学院,软件工程,软件233班
159,202300159,曾秀英,女,外国语学院,英语,英语234班
160,202500160,杨旭,女,电子工程学院,微电子学,微电251班
161,202500161,尹玉,女,数学学院,统计学,统计253班
162,202400162,陆敏,女,计算机科学与技术学院,人工智能,人工244班
163,202500163,汪勇,男,电子工程学院,光电信息,光电254班
164,202400164,刘洁,女,计算机科学与技术学院,网络安全,网络241班
165,202200165,李涛,女,数学学院,金融数学,金融224班
166,202400166,张玉华,女,计算机科学与技术学院,人工智能,人工244班
167,202400167,郭洁,男,计算机科学与技术学院,人工智能,人工243班
168,202500168,郑秀梅,男,数学学院,金融数学,金融251班
169,202300169,王勇,女,外国语学院,英语,英语231班
170,202200170,韩荣,男,外国语学院,翻译,翻译221班
171,202300171,熊金凤,女,数学学院,数学与应用数学,数学233班
172,202400172,江莹,女,外国语学院,商务英语,商务244班
173,202500173,任金凤,男,数学学院,数学与应用数学,数学254班
174,202300174,吴瑞,男,信息与通信工程学院,物联网工程,物联233班
175,202400175,韩雷,男,数学学院,统计学,统计243班
176,202500176,李梅,男,电子工程学院,光电信息,光电254班
177,202400177,庞艳,女,外国语学院,翻译,翻译244班
178,202300178,华鑫,男,数学学院,统计学,统计234班
179,202200179,林俊,女,信息与通信工程学院,电子信息工程,电子224班
180,202300180,邢强,女,数学学院,统计学,统计231班
181,202400181,雷军,男,信息与通信工程学院,物联网工程,物联244班
182,202200182,柴桂荣,男,计算机科学与技术学院,数据科学,数据224班
183,202500183,陈宇,女,信息与通信工程学院,通信工程,通信253班
184,202500184,唐洋,男,外国语学院,商务英语,商务253班
185,202400185,刘丽娟,女,外国语学院,翻译,翻译241班
186,202300186,胡丽丽,女,外国语学院,英语,英语232班
187,202200187,周英,男,计算机科学与技术学院,数据科学,数据224班
188,202400188,刁瑞,男,信息与通信工程学院,物联网工程,物联241班
189,202400189,陈婷,女,电子工程学院,微电子学,微电243班
190,202300190,张秀英,女,数学学院,数学与应用数学,数学232班
191,202200191,华想,女,信息与通信工程学院,通信工程,通信222班
192,202300192,王凤兰,男,数学学院,金融数学,金融234班
193,202400193,朱秀华,男,电子工程学院,集成电路设计,集成244班
194,202300194,司宁,男,电子工程学院,光电信息,光电234班
195,202400195,陈秀芳,女,电子工程学院,光电信息,光电243班
196,202300196,唐兵,女,数学学院,统计学,统计234班
197,202500197,彭林,女,计算机科学与技术学院,人工智能,人工253班
198,202500198,王兰英,女,电子工程学院,微电子学,微电251班
199,202200199,曲晶,女,外国语学院,商务英语,商务223班
200,202400200,杨敏,男,信息与通信工程学院,物联网工程,物联242班
201,202300201,冉璐,男,外国语学院,翻译,翻译231班
202,202200202,王欢,女,电子工程学院,集成电路设计,集成222班
203,202400203,卢玉兰,女,计算机科学与技术学院,网络安全,网络242班
204,202400204,黄金凤,女,信息与通信工程学院,通信工程,通信242班
205,202400205,李颖,女,电子工程学院,集成电路设计,集成241班
206,202300206,曾洋,男,数学学院,数学与应用数学,数学234班
207,202200207,张浩,女,外国语学院,翻译,翻译221班
208,202200208,赵丹丹,女,电子工程学院,光电信息,光电223班
209,202500209,萧楠,女,电子工程学院,光电信息,光电251班
210,202200210,张强,女,信息与通信工程学院,电子信息工程,电子222班
211,202400211,张燕,女,计算机科学与技术学院,数据科学,数据241班
212,202200212,许丽丽,女,信息与通信工程学院,通信工程,通信224班
213,202300213,马丹,男,计算机科学与技术学院,软件工程,软件234班
214,202500214,刘强,男,数学学院,统计学,统计254班
215,202500215,王秀兰,女,计算机科学与技术学院,数据科学,数据251班
216,202500216,孙博,女,电子工程学院,微电子学,微电252班
217,202400217,赵秀荣,女,电子工程学院,微电子学,微电241班
218,202300218,王帆,男,数学学院,统计学,统计234班
219,202200219,胡淑华,男,计算机科学与技术学院,人工智能,人工223班
220,202300220,唐淑华,男,信息与通信工程学院,通信工程,通信232班
221,202300221,杜玉英,女,外国语学院,英语,英语232班
222,202400222,王岩,男,外国语学院,英语,英语242班
223,202300223,吴秀华,男,外国语学院,翻译,翻译231班
224,202400224,袁慧,男,信息与通信工程学院,通信工程,通信243班
225,202400225,左艳,男,计算机科学与技术学院,人工智能,人工242班
226,202200226,鞠雷,男,数学学院,金融数学,金融224班
227,202200227,梁柳,女,数学学院,统计学,统计222班
228,202400228,李雷,女,外国语学院,英语,英语241班
229,202500229,刘淑兰,女,计算机科学与技术学院,数据科学,数据251班
230,202500230,陈红,男,数学学院,金融数学,金融251班
231,202300231,向勇,男,电子工程学院,光电信息,光电232班
232,202400232,邓婷,女,电子工程学院,光电信息,光电243班
233,202500233,凌彬,男,数学学院,金融数学,金融251班
234,202300234,王辉,女,外国语学院,商务英语,商务234班
235,202400235,兰晶,女,信息与通信工程学院,电子信息工程,电子244班
236,202200236,李荣,女,数学学院,金融数学,金融224班
237,202400237,敬凤兰,女,电子工程学院,光电信息,光电242班
238,202200238,杨萍,男,数学学院,数学与应用数学,数学221班
239,202400239,王宁,男,数学学院,数学与应用数学,数学241班
240,202400240,张亮,男,外国语学院,商务英语,商务244班
241,202500241,蒋桂花,男,电子工程学院,光电信息,光电253班
242,202400242,孙秀华,男,外国语学院,翻译,翻译242班
243,202500243,吴伟,男,信息与通信工程学院,物联网工程,物联251班
244,202400244,张刚,男,电子工程学院,光电信息,光电243班
245,202500245,王静,男,外国语学院,英语,英语253班
246,202400246,张亮,女,计算机科学与技术学院,人工智能,人工243班
247,202300247,刘平,男,电子工程学院,微电子学,微电234班
248,202200248,游冬梅,男,计算机科学与技术学院,人工智能,人工222班
249,202500249,强璐,女,数学学院,统计学,统计252班
250,202400250,田海燕,男,电子工程学院,集成电路设计,集成241班
251,202200251,刘涛,男,信息与通信工程学院,通信工程,通信223班
252,202500252,黄浩,女,数学学院,金融数学,金融254班
253,202300253,陈燕,男,数学学院,统计学,统计233班
254,202400254,韦静,女,数学学院,数学与应用数学,数学243班
255,202500255,黄颖,男,计算机科学与技术学院,人工智能,人工251班
256,202300256,李晨,男,信息与通信工程学院,电子信息工程,电子233班
257,202200257,张萍,男,电子工程学院,集成电路设计,集成224班
258,202300258,唐兵,女,数学学院,数学与应用数学,数学232班
259,202400259,张桂珍,男,外国语学院,商务英语,商务244班
260,202200260,赵艳,女,计算机科学与技术学院,数据科学,数据221班
261,202500261,曾梅,女,电子工程学院,光电信息,光电254班
262,202500262,李淑珍,男,电子工程学院,微电子学,微电253班
263,202500263,周莹,女,信息与通信工程学院,物联网工程,物联251班
264,202300264,袁勇,女,数学学院,数学与应用数学,数学234班
265,202500265,韩玉梅,女,外国语学院,英语,英语253班
266,202300266,刘磊,男,信息与通信工程学院,电子信息工程,电子231班
267,202300267,陈雷,女,外国语学院,商务英语,商务233班
268,202200268,陈敏,男,信息与通信工程学院,通信工程,通信223班
269,202300269,傅英,男,信息与通信工程学院,通信工程,通信232班
270,202500270,周敏,女,数学学院,统计学,统计253班
271,202200271,吴凤英,女,信息与通信工程学院,电子信息工程,电子224班
272,202200272,何淑华,女,电子工程学院,集成电路设计,集成221班
273,202500273,梁璐,男,电子工程学院,集成电路设计,集成251班
274,202200274,马桂荣,男,电子工程学院,集成电路设计,集成224班
275,202200275,梁洋,女,数学学院,金融数学,金融222班
276,202500276,黄亮,男,电子工程学院,光电信息,光电251班
277,202400277,刘丹,男,数学学院,数学与应用数学,数学242班
278,202500278,孙秀珍,女,计算机科学与技术学院,人工智能,人工252班
279,202400279,杨鑫,女,电子工程学院,集成电路设计,集成244班
280,202200280,贺小红,女,电子工程学院,光电信息,光电221班
281,202500281,蓝桂珍,女,电子工程学院,微电子学,微电253班
282,202400282,王斌,男,外国语学院,英语,英语242班
283,202500283,曹想,男,电子工程学院,集成电路设计,集成251班
284,202500284,覃玉英,女,电子工程学院,光电信息,光电252班
285,202500285,吴桂珍,女,外国语学院,英语,英语251班
286,202300286,杨雪梅,男,电子工程学院,集成电路设计,集成233班
287,202300287,黄坤,男,数学学院,数学与应用数学,数学232班
288,202200288,邝娜,男,计算机科学与技术学院,网络安全,网络223班
289,202500289,植洁,男,外国语学院,英语,英语252班
290,202300290,张瑜,女,信息与通信工程学院,物联网工程,物联231班
291,202300291,尚帅,女,数学学院,统计学,统计233班
292,202300292,赵玉梅,女,数学学院,数学与应用数学,数学234班
293,202500293,王华,女,信息与通信工程学院,电子信息工程,电子253班
294,202500294,秦瑞,男,数学学院,金融数学,金融252班
295,202400295,田玉华,男,外国语学院,英语,英语244班
296,202200296,周杰,男,电子工程学院,光电信息,光电223班
297,202400297,陈成,女,计算机科学与技术学院,人工智能,人工242班
298,202300298,李畅,女,数学学院,数学与应用数学,数学233班
299,202200299,刘瑜,女,计算机科学与技术学院,数据科学,数据223班
300,202200300,李雪梅,女,信息与通信工程学院,电子信息工程,电子222班
301,202200301,孟丽华,女,计算机科学与技术学院,网络安全,网络222班
302,202400302,李帅,女,信息与通信工程学院,通信工程,通信242班
303,202200303,蔡伟,男,数学学院,统计学,统计221班
304,202300304,杨敏,女,电子工程学院,微电子学,微电231班
305,202400305,唐瑜,男,电子工程学院,微电子学,微电241班
306,202500306,樊博,男,信息与通信工程学院,电子信息工程,电子251班
307,202200307,许志强,男,数学学院,金融数学,金融222班
308,202200308,赵淑珍,女,电子工程学院,集成电路设计,集成222班
309,202300309,陈勇,男,外国语学院,翻译,翻译233班
310,202500310,段柳,女,计算机科学与技术学院,软件工程,软件251班
311,202400311,王英,男,数学学院,统计学,统计243班
312,202300312,梁秀珍,男,计算机科学与技术学院,网络安全,网络233班
313,202400313,黄秀芳,女,信息与通信工程学院,通信工程,通信242班
314,202500314,王琳,男,数学学院,金融数学,金融252班
315,202200315,江兵,女,计算机科学与技术学院,数据科学,数据222班
316,202200316,马琴,女,计算机科学与技术学院,人工智能,人工223班
317,202500317,陈想,女,外国语学院,翻译,翻译251班
318,202400318,朱建平,男,信息与通信工程学院,电子信息工程,电子243班
319,202400319,吴云,女,电子工程学院,微电子学,微电244班
320,202400320,张倩,男,数学学院,统计学,统计244班
321,202400321,王玉华,男,数学学院,统计学,统计244班
322,202300322,闻桂荣,女,计算机科学与技术学院,数据科学,数据233班
323,202400323,陈秀梅,女,计算机科学与技术学院,软件工程,软件243班
324,202500324,邓丽华,男,数学学院,金融数学,金融254班
325,202200325,马峰,女,电子工程学院,集成电路设计,集成224班
326,202200326,蒲健,男,电子工程学院,光电信息,光电224班
327,202300327,史瑞,男,电子工程学院,光电信息,光电232班
328,202500328,徐凤英,男,外国语学院,商务英语,商务252班
329,202400329,栗冬梅,女,计算机科学与技术学院,人工智能,人工244班
330,202300330,郑玉珍,女,外国语学院,英语,英语233班
331,202200331,陈春梅,男,电子工程学院,集成电路设计,集成223班
332,202400332,谭桂兰,男,数学学院,统计学,统计241班
333,202500333,余洋,女,计算机科学与技术学院,人工智能,人工251班
334,202500334,王彬,男,电子工程学院,集成电路设计,集成253班
335,202200335,黄涛,男,数学学院,数学与应用数学,数学221班
336,202500336,王志强,男,数学学院,数学与应用数学,数学253班
337,202200337,万婷婷,女,电子工程学院,光电信息,光电223班
338,202300338,纪海燕,女,信息与通信工程学院,物联网工程,物联232班
339,202300339,王春梅,男,计算机科学与技术学院,人工智能,人工234班
340,202400340,赵秀芳,女,计算机科学与技术学院,网络安全,网络242班
341,202200341,张明,女,外国语学院,英语,英语224班
342,202500342,杨秀云,女,数学学院,金融数学,金融251班
343,202200343,刘建军,女,信息与通信工程学院,电子信息工程,电子224班
344,202300344,薛勇,男,外国语学院,翻译,翻译232班
345,202200345,李彬,男,数学学院,金融数学,金融222班
346,202300346,张刚,女,电子工程学院,微电子学,微电232班
347,202400347,邱娟,男,电子工程学院,光电信息,光电243班
348,202400348,陈鑫,男,信息与通信工程学院,物联网工程,物联243班
349,202200349,周秀荣,男,外国语学院,商务英语,商务222班
350,202400350,陈玉珍,男,信息与通信工程学院,物联网工程,物联241班
351,202400351,柯彬,男,计算机科学与技术学院,软件工程,软件244班
352,202200352,杨艳,女,外国语学院,商务英语,商务223班
353,202300353,栗桂兰,女,电子工程学院,集成电路设计,集成233班
354,202200354,熊敏,男,数学学院,数学与应用数学,数学224班
355,202500355,张玉兰,男,数学学院,统计学,统计253班
356,202400356,罗成,女,外国语学院,英语,英语243班
357,202400357,傅桂兰,男,数学学院,数学与应用数学,数学243班
358,202200358,任杨,女,信息与通信工程学院,电子信息工程,电子224班
359,202200359,魏霞,男,信息与通信工程学院,通信工程,通信223班
360,202500360,李宇,男,数学学院,金融数学,金融252班
361,202400361,何淑兰,男,电子工程学院,光电信息,光电242班
362,202500362,罗利,女,数学学院,金融数学,金融253班
363,202200363,徐淑兰,女,数学学院,数学与应用数学,数学224班
364,202400364,黄云,男,信息与通信工程学院,通信工程,通信241班
365,202500365,乌利,女,电子工程学院,集成电路设计,集成251班
366,202300366,武勇,女,计算机科学与技术学院,数据科学,数据233班
367,202200367,高桂兰,女,数学学院,统计学,统计221班
368,202300368,朱玉华,女,外国语学院,商务英语,商务233班
369,202500369,韦亮,女,计算机科学与技术学院,数据科学,数据251班
370,202500370,韦秀珍,女,信息与通信工程学院,通信工程,通信253班
371,202300371,王玉,男,外国语学院,翻译,翻译234班
372,202200372,丁琳,男,外国语学院,英语,英语222班
373,202500373,朱宁,男,电子工程学院,集成电路设计,集成252班
374,202400374,王桂花,男,电子工程学院,光电信息,光电244班
375,202400375,蒋雪梅,女,外国语学院,商务英语,商务244班
376,202500376,庞明,男,外国语学院,翻译,翻译253班
377,202200377,沈颖,女,电子工程学院,光电信息,光电223班
378,202400378,康柳,男,计算机科学与技术学院,数据科学,数据241班
379,202300379,梁雷,女,外国语学院,翻译,翻译232班
380,202200380,尧璐,男,信息与通信工程学院,通信工程,通信221班
381,202500381,陈飞,男,数学学院,统计学,统计254班
382,202500382,吴彬,男,信息与通信工程学院,电子信息工程,电子252班
383,202400383,李桂香,女,外国语学院,英语,英语244班
384,202500384,陈坤,女,电子工程学院,微电子学,微电253班
385,202500385,陈瑞,男,电子工程学院,光电信息,光电252班
386,202400386,傅凤兰,男,电子工程学院,光电信息,光电243班
387,202300387,梁伟,女,电子工程学院,光电信息,光电233班
388,202400388,冉想,女,数学学院,统计学,统计241班
389,202500389,张阳,女,外国语学院,商务英语,商务253班
390,202200390,钟彬,女,信息与通信工程学院,电子信息工程,电子221班
391,202400391,王慧,女,电子工程学院,集成电路设计,集成242班
392,202400392,刘璐,女,信息与通信工程学院,物联网工程,物联242班
393,202300393,徐建华,男,计算机科学与技术学院,人工智能,人工232班
394,202200394,王军,女,信息与通信工程学院,通信工程,通信223班
395,202300395,乐倩,男,数学学院,数学与应用数学,数学232班
396,202500396,欧娟,女,数学学院,金融数学,金融252班
397,202400397,刘波,男,电子工程学院,集成电路设计,集成241班
398,202200398,刘华,男,外国语学院,英语,英语224班
399,202500399,魏伟,女,信息与通信工程学院,通信工程,通信252班
400,202200400,黄浩,女,电子工程学院,微电子学,微电221班
401,202500401,徐静,女,电子工程学院,集成电路设计,集成252班
402,202400402,阎桂芝,男,外国语学院,翻译,翻译241班
403,202500403,贾梅,女,电子工程学院,微电子学,微电252班
404,202400404,朱晨,男,计算机科学与技术学院,网络安全,网络242班
405,202500405,周雪梅,女,外国语学院,商务英语,商务253班
406,202200406,刘淑珍,男,计算机科学与技术学院,数据科学,数据222班
407,202300407,杨瑜,男,数学学院,统计学,统计233班
408,202500408,章洋,女,数学学院,数学与应用数学,数学253班
409,202200409,尹秀英,女,电子工程学院,光电信息,光电223班
410,202200410,李志强,女,信息与通信工程学院,通信工程,通信223班
411,202400411,田华,男,信息与通信工程学院,电子信息工程,电子243班
412,202300412,李淑兰,男,电子工程学院,光电信息,光电232班
413,202500413,赵琳,女,数学学院,数学与应用数学,数学254班
414,202300414,李玲,男,外国语学院,翻译,翻译231班
415,202400415,夏荣,男,外国语学院,翻译,翻译241班
416,202300416,程霞,男,计算机科学与技术学院,人工智能,人工233班
417,202200417,陈欢,男,外国语学院,翻译,翻译224班
418,202200418,姚婷,女,计算机科学与技术学院,数据科学,数据222班
419,202500419,马建,男,外国语学院,翻译,翻译254班
420,202200420,邓冬梅,女,电子工程学院,光电信息,光电223班
421,202200421,黄娟,男,计算机科学与技术学院,人工智能,人工224班
422,202200422,萧涛,男,电子工程学院,光电信息,光电221班
423,202400423,陈俊,女,数学学院,数学与应用数学,数学242班
424,202500424,王敏,女,信息与通信工程学院,物联网工程,物联254班
425,202500425,余华,男,数学学院,统计学,统计252班
426,202300426,周玉珍,女,电子工程学院,微电子学,微电232班
427,202200427,亓玉英,女,信息与通信工程学院,通信工程,通信224班
428,202500428,王玉华,男,外国语学院,翻译,翻译252班
429,202300429,何涛,女,数学学院,统计学,统计232班
430,202500430,刘鹏,男,计算机科学与技术学院,软件工程,软件252班
431,202200431,钱丹,男,信息与通信工程学院,通信工程,通信224班
432,202200432,雷萍,男,外国语学院,商务英语,商务221班
433,202300433,徐雪梅,男,数学学院,统计学,统计231班
434,202400434,孔华,男,信息与通信工程学院,物联网工程,物联243班
435,202400435,燕秀梅,男,外国语学院,商务英语,商务243班
436,202300436,梅凯,女,信息与通信工程学院,物联网工程,物联233班
437,202300437,李红,女,电子工程学院,微电子学,微电234班
438,202500438,郝春梅,女,计算机科学与技术学院,网络安全,网络254班
439,202400439,石秀芳,女,数学学院,数学与应用数学,数学242班
440,202300440,薛海燕,男,外国语学院,翻译,翻译233班
441,202200441,秦玉英,女,信息与通信工程学院,电子信息工程,电子224班
442,202300442,王秀珍,女,外国语学院,商务英语,商务232班
443,202400443,徐红梅,男,电子工程学院,微电子学,微电244班
444,202300444,晏玉英,男,电子工程学院,微电子学,微电233班
445,202200445,胡梅,男,数学学院,金融数学,金融222班
446,202300446,詹秀云,女,外国语学院,商务英语,商务232班
447,202200447,王健,男,电子工程学院,集成电路设计,集成222班
448,202300448,黄冬梅,男,计算机科学与技术学院,数据科学,数据234班
449,202400449,陆莉,女,信息与通信工程学院,物联网工程,物联244班
450,202400450,龙丽,女,数学学院,金融数学,金融243班
451,202500451,阳燕,女,电子工程学院,光电信息,光电251班
452,202300452,陆桂芝,女,数学学院,统计学,统计233班
453,202300453,何楠,男,数学学院,数学与应用数学,数学231班
454,202500454,曹玉英,女,电子工程学院,光电信息,光电252班
455,202300455,陈峰,女,信息与通信工程学院,电子信息工程,电子232班
456,202400456,王兵,女,数学学院,金融数学,金融244班
457,202300457,李丽娟,女,数学学院,统计学,统计232班
458,202500458,钟婷,男,信息与通信工程学院,物联网工程,物联251班
459,202200459,袁成,男,外国语学院,英语,英语221班
460,202300460,邱波,男,数学学院,数学与应用数学,数学232班
461,202500461,孙佳,女,计算机科学与技术学院,人工智能,人工251班
462,202500462,张凯,女,外国语学院,商务英语,商务251班
463,202200463,姚利,男,计算机科学与技术学院,数据科学,数据223班
464,202200464,章鹏,女,外国语学院,翻译,翻译222班
465,202300465,颜秀华,男,计算机科学与技术学院,软件工程,软件232班
466,202400466,王婷婷,女,外国语学院,商务英语,商务243班
467,202400467,饶洋,女,数学学院,数学与应用数学,数学244班
468,202300468,张坤,女,外国语学院,英语,英语231班
469,202500469,黄丽娟,女,计算机科学与技术学院,软件工程,软件254班
470,202200470,李冬梅,男,外国语学院,翻译,翻译222班
471,202500471,熊明,女,计算机科学与技术学院,数据科学,数据251班
472,202300472,李金凤,男,外国语学院,英语,英语234班
473,202200473,刘建,女,电子工程学院,微电子学,微电221班
474,202200474,金玉兰,男,信息与通信工程学院,电子信息工程,电子222班
475,202400475,陈瑜,男,数学学院,数学与应用数学,数学242班
476,202400476,钟欢,女,外国语学院,翻译,翻译242班
477,202200477,邓畅,男,计算机科学与技术学院,网络安全,网络224班
478,202400478,杨琴,女,信息与通信工程学院,通信工程,通信243班
479,202500479,冯敏,女,计算机科学与技术学院,网络安全,网络252班
480,202500480,梁想,女,电子工程学院,光电信息,光电252班
481,202500481,刘玉梅,男,外国语学院,商务英语,商务253班
482,202200482,王梅,男,信息与通信工程学院,物联网工程,物联223班
483,202300483,李利,女,信息与通信工程学院,电子信息工程,电子233班
484,202200484,徐婷,男,电子工程学院,微电子学,微电223班
485,202400485,柏秀梅,男,数学学院,统计学,统计242班
486,202500486,涂楠,女,计算机科学与技术学院,人工智能,人工254班
487,202200487,王玉华,女,计算机科学与技术学院,软件工程,软件221班
488,202400488,武畅,女,外国语学院,商务英语,商务241班
489,202500489,封旭,男,电子工程学院,集成电路设计,集成252班
490,202300490,成坤,女,外国语学院,商务英语,商务232班
491,202400491,曹超,女,信息与通信工程学院,电子信息工程,电子244班
492,202300492,费彬,女,信息与通信工程学院,通信工程,通信233班
493,202500493,汪丽华,男,数学学院,统计学,统计253班
494,202500494,赵飞,男,电子工程学院,微电子学,微电254班
495,202400495,叶超,男,计算机科学与技术学院,人工智能,人工244班
496,202500496,江建华,女,电子工程学院,光电信息,光电254班
497,202300497,李玉珍,女,电子工程学院,集成电路设计,集成233班
498,202300498,朱玉珍,女,外国语学院,商务英语,商务233班
499,202400499,刘洁,女,信息与通信工程学院,电子信息工程,电子244班
500,202400500,严阳,女,外国语学院,英语,英语243班
501,202200501,张燕,男,数学学院,统计学,统计222班
502,202500502,何刚,男,外国语学院,英语,英语254班
503,202200503,宗明,女,电子工程学院,光电信息,光电224班
504,202400504,戴秀梅,男,信息与通信工程学院,物联网工程,物联243班
505,202500505,欧萍,女,信息与通信工程学院,物联网工程,物联251班
506,202500506,蓝丽华,女,数学学院,金融数学,金融254班
507,202400507,叶桂兰,男,外国语学院,英语,英语241班
508,202400508,谢刚,男,信息与通信工程学院,物联网工程,物联241班
509,202500509,李璐,女,外国语学院,商务英语,商务254班
510,202200510,庄帆,女,计算机科学与技术学院,软件工程,软件222班
511,202300511,靳杰,女,外国语学院,商务英语,商务233班
512,202300512,刘秀兰,女,数学学院,统计学,统计231班
513,202400513,余桂花,女,数学学院,数学与应用数学,数学241班
514,202400514,杨博,女,计算机科学与技术学院,人工智能,人工243班
515,202500515,王瑜,女,数学学院,数学与应用数学,数学254班
516,202500516,萧兰英,女,计算机科学与技术学院,数据科学,数据251班
517,202200517,孙淑兰,男,电子工程学院,微电子学,微电223班
518,202300518,王敏,男,计算机科学与技术学院,人工智能,人工232班
519,202500519,李红霞,女,电子工程学院,光电信息,光电252班
520,202300520,吉秀英,男,数学学院,金融数学,金融234班
521,202300521,唐建军,女,数学学院,数学与应用数学,数学234班
522,202300522,郭红霞,男,数学学院,数学与应用数学,数学233班
523,202300523,庄艳,女,计算机科学与技术学院,软件工程,软件233班
524,202200524,徐丽,女,信息与通信工程学院,电子信息工程,电子224班
525,202400525,萧雷,女,外国语学院,商务英语,商务244班
526,202400526,邓秀华,女,外国语学院,英语,英语244班
527,202400527,吴俊,男,外国语学院,英语,英语242班
528,202300528,李琴,女,电子工程学院,微电子学,微电231班
529,202300529,柳凯,女,信息与通信工程学院,电子信息工程,电子234班
530,202500530,梁丽丽,女,外国语学院,英语,英语252班
531,202300531,杨波,男,数学学院,金融数学,金融234班
532,202300532,丁丹,女,电子工程学院,微电子学,微电234班
533,202400533,魏桂花,男,外国语学院,英语,英语244班
534,202500534,秦雷,女,信息与通信工程学院,通信工程,通信254班
535,202500535,王磊,女,数学学院,统计学,统计252班
536,202300536,陈梅,女,计算机科学与技术学院,软件工程,软件231班
537,202400537,陈桂荣,男,电子工程学院,微电子学,微电244班
538,202500538,黄桂荣,男,外国语学院,商务英语,商务251班
539,202400539,张畅,男,电子工程学院,光电信息,光电244班
540,202500540,耿玉梅,男,外国语学院,英语,英语252班
541,202500541,陈林,女,电子工程学院,微电子学,微电253班
542,202200542,黄英,男,计算机科学与技术学院,数据科学,数据222班
543,202400543,杨俊,女,外国语学院,商务英语,商务242班
544,202300544,王兰英,男,外国语学院,英语,英语231班
545,202400545,张颖,男,外国语学院,翻译,翻译243班
546,202400546,万琴,男,电子工程学院,集成电路设计,集成242班
547,202400547,张建军,男,数学学院,数学与应用数学,数学242班
548,202400548,彭芳,男,信息与通信工程学院,通信工程,通信244班
549,202400549,朱阳,女,数学学院,数学与应用数学,数学244班
550,202200550,谭秀华,女,数学学院,数学与应用数学,数学223班
551,202500551,黄欢,女,电子工程学院,集成电路设计,集成251班
552,202400552,邹旭,男,计算机科学与技术学院,数据科学,数据244班
553,202300553,田旭,女,信息与通信工程学院,电子信息工程,电子233班
554,202400554,翁峰,男,电子工程学院,集成电路设计,集成244班
555,202200555,杨凤兰,男,电子工程学院,光电信息,光电221班
556,202200556,周秀英,男,数学学院,数学与应用数学,数学224班
557,202500557,李淑英,男,数学学院,数学与应用数学,数学252班
558,202400558,张文,男,电子工程学院,微电子学,微电243班
559,202400559,杨丽,男,电子工程学院,微电子学,微电241班
560,202400560,秦建军,男,数学学院,金融数学,金融244班
561,202200561,张玉,男,计算机科学与技术学院,软件工程,软件224班
562,202300562,贾飞,女,计算机科学与技术学院,人工智能,人工231班
563,202200563,高宁,女,计算机科学与技术学院,网络安全,网络222班
564,202300564,沈强,女,数学学院,数学与应用数学,数学231班
565,202400565,董淑英,女,计算机科学与技术学院,软件工程,软件243班
566,202300566,马军,男,信息与通信工程学院,电子信息工程,电子231班
567,202200567,程玉华,男,外国语学院,商务英语,商务224班
568,202300568,王建,男,电子工程学院,光电信息,光电234班
569,202500569,张成,男,外国语学院,商务英语,商务251班
570,202200570,汤桂香,女,计算机科学与技术学院,人工智能,人工223班
571,202300571,杨瑞,男,数学学院,统计学,统计233班
572,202400572,荆玉华,男,计算机科学与技术学院,人工智能,人工243班
573,202300573,潘波,女,信息与通信工程学院,物联网工程,物联233班
574,202500574,戴梅,女,计算机科学与技术学院,人工智能,人工251班
575,202200575,罗旭,男,信息与通信工程学院,电子信息工程,电子223班
576,202500576,刘桂香,女,电子工程学院,微电子学,微电253班
577,202300577,王建,女,外国语学院,商务英语,商务231班
578,202200578,何文,女,计算机科学与技术学院,软件工程,软件222班
579,202500579,方博,女,计算机科学与技术学院,软件工程,软件254班
580,202500580,武强,男,数学学院,金融数学,金融252班
581,202400581,李桂珍,男,电子工程学院,微电子学,微电242班
582,202400582,高坤,女,信息与通信工程学院,物联网工程,物联241班
583,202500583,杜桂英,男,电子工程学院,光电信息,光电251班
584,202500584,韩丽丽,男,信息与通信工程学院,通信工程,通信254班
585,202200585,何秀珍,女,外国语学院,商务英语,商务222班
586,202300586,金洁,男,计算机科学与技术学院,软件工程,软件232班
587,202400587,杨成,男,数学学院,统计学,统计243班
588,202400588,邓磊,男,信息与通信工程学院,物联网工程,物联241班
589,202400589,邓辉,男,电子工程学院,集成电路设计,集成243班
590,202200590,梁琳,女,外国语学院,商务英语,商务224班
591,202200591,李桂芳,女,外国语学院,翻译,翻译222班
592,202400592,孔芳,男,电子工程学院,微电子学,微电241班
593,202200593,岑莹,男,信息与通信工程学院,物联网工程,物联221班
594,202500594,赖阳,女,信息与通信工程学院,通信工程,通信254班
595,202200595,胡秀英,女,信息与通信工程学院,通信工程,通信222班
596,202500596,杨峰,女,电子工程学院,微电子学,微电253班
597,202200597,冯婷,男,计算机科学与技术学院,网络安全,网络222班
598,202200598,黄林,女,信息与通信工程学院,物联网工程,物联221班
599,202400599,朱兰英,女,数学学院,统计学,统计241班
600,202200600,李建军,女,外国语学院,翻译,翻译222班
601,202400601,张雪,男,电子工程学院,光电信息,光电244班
602,202500602,马红梅,男,电子工程学院,光电信息,光电252班
603,202500603,刘建平,男,信息与通信工程学院,通信工程,通信252班
604,202200604,黄斌,女,外国语学院,翻译,翻译221班
605,202400605,阳伟,男,数学学院,金融数学,金融242班
606,202500606,黄玉梅,女,外国语学院,英语,英语251班
607,202400607,金玲,男,信息与通信工程学院,物联网工程,物联241班
608,202500608,丁慧,女,信息与通信工程学院,物联网工程,物联254班
609,202300609,朱欣,女,计算机科学与技术学院,软件工程,软件231班
610,202200610,张梅,女,外国语学院,商务英语,商务222班
611,202400611,周敏,女,信息与通信工程学院,电子信息工程,电子244班
612,202500612,许宇,女,电子工程学院,集成电路设计,集成252班
613,202300613,任军,男,计算机科学与技术学院,人工智能,人工232班
614,202500614,贾红,女,计算机科学与技术学院,人工智能,人工253班
615,202400615,周勇,男,数学学院,数学与应用数学,数学244班
616,202400616,朱宇,男,电子工程学院,集成电路设计,集成241班
617,202400617,陈宁,男,信息与通信工程学院,物联网工程,物联242班
618,202200618,黄桂芝,男,电子工程学院,微电子学,微电223班
619,202200619,王旭,女,数学学院,金融数学,金融223班
620,202500620,宋利,女,信息与通信工程学院,通信工程,通信252班
621,202200621,孙志强,男,计算机科学与技术学院,数据科学,数据221班
622,202300622,罗桂英,男,计算机科学与技术学院,软件工程,软件232班
623,202200623,潘欢,女,数学学院,统计学,统计221班
624,202300624,官岩,女,计算机科学与技术学院,软件工程,软件232班
625,202200625,吕娟,男,计算机科学与技术学院,网络安全,网络224班
626,202500626,唐萍,女,计算机科学与技术学院,人工智能,人工254班
627,202500627,黄雷,男,计算机科学与技术学院,数据科学,数据253班
628,202400628,刘辉,女,信息与通信工程学院,通信工程,通信244班
629,202300629,宋楠,女,信息与通信工程学院,通信工程,通信234班
630,202500630,周洋,男,数学学院,金融数学,金融251班
631,202300631,王淑英,女,电子工程学院,集成电路设计,集成232班
632,202200632,余琴,女,外国语学院,英语,英语223班
633,202500633,何鹏,女,数学学院,金融数学,金融253班
634,202300634,张兵,男,数学学院,统计学,统计233班
635,202200635,谢凯,女,外国语学院,英语,英语221班
636,202400636,罗玲,男,数学学院,金融数学,金融242班
637,202300637,叶桂花,女,计算机科学与技术学院,人工智能,人工231班
638,202500638,何淑珍,女,信息与通信工程学院,物联网工程,物联252班
639,202400639,李旭,女,信息与通信工程学院,通信工程,通信241班
640,202300640,曹健,男,电子工程学院,光电信息,光电234班
641,202300641,张建军,女,外国语学院,翻译,翻译231班
642,202300642,孙兰英,男,计算机科学与技术学院,软件工程,软件231班
643,202200643,李博,女,外国语学院,翻译,翻译222班
644,202300644,干旭,女,信息与通信工程学院,电子信息工程,电子231班
645,202300645,陈玉梅,男,计算机科学与技术学院,人工智能,人工233班
646,202500646,刘瑞,男,计算机科学与技术学院,网络安全,网络253班
647,202300647,陈颖,男,电子工程学院,集成电路设计,集成234班
648,202400648,董博,男,数学学院,金融数学,金融243班
649,202300649,杨丽,女,信息与通信工程学院,物联网工程,物联233班
650,202300650,王桂芳,男,电子工程学院,微电子学,微电234班
651,202300651,张丽,女,外国语学院,英语,英语232班
652,202500652,赖玉英,男,外国语学院,英语,英语253班
653,202400653,金玉英,女,计算机科学与技术学院,人工智能,人工242班
654,202500654,张宁,男,计算机科学与技术学院,网络安全,网络253班
655,202200655,张桂芳,女,信息与通信工程学院,通信工程,通信223班
656,202200656,刘桂花,女,计算机科学与技术学院,软件工程,软件224班
657,202500657,王磊,女,数学学院,数学与应用数学,数学254班
658,202500658,朱艳,男,电子工程学院,光电信息,光电254班
659,202300659,何静,男,外国语学院,商务英语,商务234班
660,202400660,李玉华,男,计算机科学与技术学院,软件工程,软件243班
661,202200661,李雷,女,电子工程学院,微电子学,微电222班
662,202200662,董瑞,男,数学学院,数学与应用数学,数学223班
663,202500663,赵涛,男,外国语学院,商务英语,商务254班
664,202500664,黄利,男,信息与通信工程学院,物联网工程,物联251班
665,202300665,阎桂芳,男,计算机科学与技术学院,网络安全,网络234班
666,202400666,姜刚,女,外国语学院,商务英语,商务243班
667,202200667,李琴,女,信息与通信工程学院,通信工程,通信224班
668,202400668,杨涛,男,信息与通信工程学院,通信工程,通信244班
669,202500669,迟云,男,计算机科学与技术学院,网络安全,网络251班
670,202300670,余柳,女,计算机科学与技术学院,人工智能,人工231班
671,202400671,马淑英,女,数学学院,数学与应用数学,数学244班
672,202400672,徐桂珍,男,数学学院,金融数学,金融244班
673,202500673,高玉梅,女,信息与通信工程学院,电子信息工程,电子252班
674,202400674,王明,女,数学学院,数学与应用数学,数学244班
675,202400675,程颖,男,电子工程学院,微电子学,微电242班
676,202400676,杨艳,女,计算机科学与技术学院,软件工程,软件242班
677,202500677,吴芳,女,外国语学院,英语,英语254班
678,202500678,高宁,女,外国语学院,英语,英语251班
679,202200679,王阳,男,数学学院,金融数学,金融221班
680,202300680,孙娜,男,数学学院,数学与应用数学,数学232班
681,202500681,黄芳,男,信息与通信工程学院,通信工程,通信254班
682,202300682,赵芳,女,信息与通信工程学院,物联网工程,物联233班
683,202500683,王秀珍,女,计算机科学与技术学院,软件工程,软件253班
684,202500684,罗志强,男,电子工程学院,光电信息,光电254班
685,202300685,柴敏,男,计算机科学与技术学院,数据科学,数据231班
686,202400686,王英,女,计算机科学与技术学院,软件工程,软件244班
687,202500687,钟飞,女,电子工程学院,集成电路设计,集成251班
688,202500688,秦桂香,男,信息与通信工程学院,电子信息工程,电子254班
689,202400689,魏瑜,男,计算机科学与技术学院,数据科学,数据241班
690,202400690,冯丽娟,男,数学学院,统计学,统计243班
691,202400691,马玉兰,女,电子工程学院,集成电路设计,集成241班
692,202400692,陆雪梅,女,信息与通信工程学院,通信工程,通信243班
693,202500693,牛志强,男,电子工程学院,光电信息,光电252班
694,202500694,程兰英,女,数学学院,数学与应用数学,数学253班
695,202200695,戴健,女,计算机科学与技术学院,人工智能,人工224班
696,202200696,郜磊,男,信息与通信工程学院,物联网工程,物联222班
697,202300697,彭金凤,男,信息与通信工程学院,通信工程,通信234班
698,202300698,杨英,女,计算机科学与技术学院,网络安全,网络233班
699,202500699,张丹丹,男,数学学院,金融数学,金融251班
700,202500700,陈洁,女,信息与通信工程学院,电子信息工程,电子252班
701,202400701,文超,女,数学学院,金融数学,金融242班
702,202200702,王峰,女,电子工程学院,光电信息,光电221班
703,202300703,廉利,男,数学学院,数学与应用数学,数学232班
704,202300704,罗凯,女,信息与通信工程学院,物联网工程,物联234班
705,202200705,张晨,女,外国语学院,英语,英语222班
706,202200706,洪俊,男,信息与通信工程学院,物联网工程,物联223班
707,202400707,辛桂花,女,外国语学院,翻译,翻译244班
708,202400708,刘丽娟,男,电子工程学院,集成电路设计,集成244班
709,202500709,刘华,男,电子工程学院,光电信息,光电251班
710,202400710,申淑珍,女,外国语学院,商务英语,商务243班
711,202200711,何玉,女,计算机科学与技术学院,数据科学,数据223班
712,202400712,赵春梅,女,电子工程学院,集成电路设计,集成242班
713,202300713,张宁,男,信息与通信工程学院,物联网工程,物联234班
714,202300714,温宇,男,电子工程学院,光电信息,光电234班
715,202500715,杜淑兰,女,电子工程学院,集成电路设计,集成254班
716,202400716,安玉珍,男,计算机科学与技术学院,人工智能,人工244班
717,202400717,郭强,男,电子工程学院,光电信息,光电242班
718,202500718,萧秀珍,男,电子工程学院,微电子学,微电253班
719,202400719,邓想,男,外国语学院,英语,英语242班
720,202400720,徐柳,女,电子工程学院,微电子学,微电243班
721,202400721,唐鹏,女,电子工程学院,集成电路设计,集成241班
722,202200722,贺秀兰,女,数学学院,数学与应用数学,数学222班
723,202500723,王亮,女,外国语学院,英语,英语254班
724,202300724,周凤英,男,计算机科学与技术学院,人工智能,人工233班
725,202500725,陈淑兰,男,数学学院,金融数学,金融253班
726,202500726,杨杨,女,信息与通信工程学院,通信工程,通信252班
727,202200727,朱娟,男,电子工程学院,光电信息,光电224班
728,202300728,饶佳,男,电子工程学院,微电子学,微电234班
729,202500729,张静,女,计算机科学与技术学院,人工智能,人工254班
730,202500730,萧楠,男,数学学院,统计学,统计251班
731,202400731,曹颖,男,外国语学院,英语,英语243班
732,202200732,汤飞,男,外国语学院,英语,英语222班
733,202400733,方秀云,女,信息与通信工程学院,物联网工程,物联242班
734,202400734,周帆,男,计算机科学与技术学院,数据科学,数据241班
735,202400735,严建华,女,计算机科学与技术学院,网络安全,网络243班
736,202300736,乔云,女,数学学院,金融数学,金融234班
737,202300737,杨瑞,女,电子工程学院,微电子学,微电231班
738,202300738,姜建平,男,信息与通信工程学院,通信工程,通信231班
739,202300739,张亮,男,外国语学院,商务英语,商务233班
740,202400740,丁帆,男,计算机科学与技术学院,数据科学,数据241班
741,202200741,蒋文,男,计算机科学与技术学院,软件工程,软件224班
742,202200742,吕旭,女,数学学院,统计学,统计224班
743,202200743,孙志强,女,信息与通信工程学院,通信工程,通信224班
744,202300744,廖雪,女,计算机科学与技术学院,网络安全,网络231班
745,202200745,王建国,女,外国语学院,商务英语,商务221班
746,202300746,朴强,男,计算机科学与技术学院,数据科学,数据233班
747,202400747,吕波,女,外国语学院,英语,英语243班
748,202500748,吴丽丽,男,信息与通信工程学院,通信工程,通信254班
749,202200749,韦佳,男,电子工程学院,微电子学,微电221班
750,202300750,曾婷婷,男,计算机科学与技术学院,数据科学,数据231班
751,202300751,王峰,女,计算机科学与技术学院,网络安全,网络233班
752,202200752,李龙,男,电子工程学院,集成电路设计,集成222班
753,202400753,张雪,女,计算机科学与技术学院,网络安全,网络244班
754,202200754,张刚,男,计算机科学与技术学院,软件工程,软件222班
755,202400755,张荣,女,信息与通信工程学院,电子信息工程,电子243班
756,202400756,杨刚,男,计算机科学与技术学院,网络安全,网络241班
757,202500757,李云,女,数学学院,统计学,统计254班
758,202300758,焦晨,男,数学学院,统计学,统计232班
759,202200759,曹军,女,计算机科学与技术学院,人工智能,人工224班
760,202500760,黄玉,男,外国语学院,商务英语,商务254班
761,202200761,王丹丹,男,电子工程学院,光电信息,光电224班
762,202500762,刘秀云,女,数学学院,数学与应用数学,数学251班
763,202400763,尹桂香,男,计算机科学与技术学院,网络安全,网络242班
764,202200764,魏敏,女,电子工程学院,光电信息,光电222班
765,202500765,杨婷,男,数学学院,统计学,统计251班
766,202500766,曾坤,女,计算机科学与技术学院,人工智能,人工252班
767,202400767,林阳,男,计算机科学与技术学院,数据科学,数据243班
768,202300768,周淑英,女,电子工程学院,微电子学,微电234班
769,202500769,司帆,女,信息与通信工程学院,通信工程,通信254班
770,202500770,曾军,女,计算机科学与技术学院,数据科学,数据251班
771,202200771,张凤英,男,数学学院,金融数学,金融224班
772,202200772,刘英,男,数学学院,数学与应用数学,数学223班
773,202300773,吴晶,女,外国语学院,商务英语,商务233班
774,202300774,郭鑫,女,电子工程学院,微电子学,微电233班
775,202500775,吴秀英,女,外国语学院,商务英语,商务254班
776,202300776,邱秀华,男,计算机科学与技术学院,软件工程,软件233班
777,202400777,王雪梅,女,电子工程学院,光电信息,光电241班
778,202500778,赵琴,男,计算机科学与技术学院,人工智能,人工254班
779,202300779,张淑华,男,计算机科学与技术学院,网络安全,网络231班
780,202500780,张林,男,数学学院,数学与应用数学,数学253班
781,202200781,陈燕,男,计算机科学与技术学院,数据科学,数据224班
782,202300782,李旭,女,数学学院,金融数学,金融231班
783,202200783,黄春梅,女,外国语学院,商务英语,商务224班
784,202300784,王小红,男,外国语学院,英语,英语231班
785,202400785,陈琳,女,数学学院,金融数学,金融244班
786,202300786,毛玉,女,外国语学院,商务英语,商务234班
787,202500787,仇宇,男,电子工程学院,集成电路设计,集成252班
788,202400788,张芳,女,数学学院,金融数学,金融242班
789,202400789,李玉兰,女,信息与通信工程学院,通信工程,通信242班
790,202400790,熊辉,男,信息与通信工程学院,物联网工程,物联243班
791,202500791,李红霞,女,外国语学院,翻译,翻译254班
792,202200792,傅兰英,女,计算机科学与技术学院,软件工程,软件222班
793,202300793,陈勇,女,计算机科学与技术学院,软件工程,软件232班
794,202400794,孙明,男,电子工程学院,光电信息,光电241班
795,202200795,胡婷,女,电子工程学院,微电子学,微电224班
796,202500796,胡荣,男,计算机科学与技术学院,人工智能,人工253班
797,202500797,崔敏,女,计算机科学与技术学院,数据科学,数据253班
798,202200798,刘琳,女,外国语学院,英语,英语222班
799,202300799,李璐,女,外国语学院,翻译,翻译232班
800,202500800,刘伟,男,信息与通信工程学院,电子信息工程,电子251班
801,202200801,郑俊,女,信息与通信工程学院,通信工程,通信221班
802,202400802,邸琴,男,数学学院,统计学,统计242班
803,202200803,张秀芳,女,外国语学院,翻译,翻译224班
804,202300804,毕彬,女,信息与通信工程学院,通信工程,通信231班
805,202400805,郭帅,女,外国语学院,商务英语,商务243班
806,202300806,戴利,男,计算机科学与技术学院,网络安全,网络231班
807,202500807,王凯,女,外国语学院,英语,英语251班
808,202300808,刘建,女,电子工程学院,微电子学,微电233班
809,202300809,朱洁,女,电子工程学院,集成电路设计,集成231班
810,202500810,范林,男,计算机科学与技术学院,网络安全,网络252班
811,202500811,谷颖,男,计算机科学与技术学院,网络安全,网络254班
812,202400812,李刚,男,电子工程学院,光电信息,光电243班
813,202500813,刘伟,女,外国语学院,商务英语,商务251班
814,202300814,张宁,女,电子工程学院,光电信息,光电231班
815,202200815,高涛,男,计算机科学与技术学院,人工智能,人工222班
816,202500816,李海燕,男,信息与通信工程学院,物联网工程,物联252班
817,202500817,顾红霞,男,外国语学院,商务英语,商务252班
818,202400818,张秀兰,男,计算机科学与技术学院,数据科学,数据241班
819,202300819,许兵,女,计算机科学与技术学院,软件工程,软件231班
820,202400820,李秀云,女,外国语学院,英语,英语244班
821,202500821,贾宁,女,数学学院,金融数学,金融253班
822,202200822,樊春梅,男,计算机科学与技术学院,数据科学,数据221班
823,202200823,董晨,女,外国语学院,英语,英语221班
824,202400824,李成,男,电子工程学院,光电信息,光电243班
825,202500825,李桂英,男,数学学院,统计学,统计254班
826,202300826,胡秀英,男,信息与通信工程学院,物联网工程,物联234班
827,202300827,黎娟,女,外国语学院,翻译,翻译233班
828,202200828,李凯,男,计算机科学与技术学院,人工智能,人工221班
829,202500829,杨勇,男,外国语学院,商务英语,商务253班
830,202400830,高洋,男,信息与通信工程学院,物联网工程,物联244班
831,202300831,杨英,男,外国语学院,英语,英语232班
832,202300832,张建华,男,外国语学院,翻译,翻译232班
833,202500833,杨志强,男,外国语学院,英语,英语253班
834,202200834,龚平,男,计算机科学与技术学院,网络安全,网络224班
835,202300835,刘亮,男,电子工程学院,集成电路设计,集成231班
836,202200836,骆坤,男,电子工程学院,光电信息,光电223班
837,202400837,徐成,女,数学学院,统计学,统计242班
838,202400838,林强,女,外国语学院,商务英语,商务244班
839,202400839,廖玉,男,信息与通信工程学院,通信工程,通信242班
840,202400840,靳娜,男,数学学院,统计学,统计243班
841,202500841,刘桂芝,女,数学学院,统计学,统计253班
842,202200842,聂慧,男,数学学院,金融数学,金融221班
843,202300843,冯秀梅,女,电子工程学院,微电子学,微电231班
844,202200844,黄婷,女,计算机科学与技术学院,软件工程,软件222班
845,202500845,袁明,男,计算机科学与技术学院,网络安全,网络253班
846,202400846,吴瑞,男,数学学院,数学与应用数学,数学244班
847,202200847,王志强,女,外国语学院,商务英语,商务223班
848,202300848,李玉华,男,外国语学院,英语,英语232班
849,202300849,王桂芝,男,数学学院,数学与应用数学,数学234班
850,202300850,季龙,女,电子工程学院,微电子学,微电232班
851,202400851,伏雪梅,男,计算机科学与技术学院,网络安全,网络241班
852,202400852,李岩,女,信息与通信工程学院,物联网工程,物联244班
853,202200853,陈秀梅,女,数学学院,数学与应用数学,数学221班
854,202400854,朱秀芳,女,外国语学院,商务英语,商务242班
855,202500855,雷刚,女,数学学院,金融数学,金融251班
856,202500856,冯秀兰,男,外国语学院,翻译,翻译254班
857,202500857,赵东,女,电子工程学院,集成电路设计,集成251班
858,202500858,邹涛,男,外国语学院,英语,英语252班
859,202300859,韩秀兰,男,计算机科学与技术学院,网络安全,网络232班
860,202200860,刘桂香,男,信息与通信工程学院,电子信息工程,电子224班
861,202200861,赵楠,女,电子工程学院,光电信息,光电224班
862,202300862,王杰,女,数学学院,数学与应用数学,数学231班
863,202300863,杨利,男,信息与通信工程学院,通信工程,通信232班
864,202300864,顾丹丹,男,外国语学院,英语,英语232班
865,202500865,李丽华,男,电子工程学院,微电子学,微电253班
866,202500866,刘林,女,计算机科学与技术学院,人工智能,人工254班
867,202500867,范莹,男,信息与通信工程学院,通信工程,通信252班
868,202400868,方佳,男,外国语学院,商务英语,商务243班
869,202200869,赵斌,男,数学学院,金融数学,金融224班
870,202200870,孙华,男,数学学院,数学与应用数学,数学222班
871,202500871,杨玉英,男,外国语学院,商务英语,商务251班
872,202200872,郑雪,男,信息与通信工程学院,电子信息工程,电子221班
873,202300873,李建军,男,数学学院,金融数学,金融234班
874,202400874,吴桂芳,男,外国语学院,翻译,翻译244班
875,202500875,赵红霞,女,信息与通信工程学院,电子信息工程,电子251班
876,202400876,马秀兰,女,数学学院,数学与应用数学,数学242班
877,202500877,戴帅,女,计算机科学与技术学院,网络安全,网络252班
878,202200878,范文,男,计算机科学与技术学院,软件工程,软件224班
879,202400879,王坤,女,信息与通信工程学院,物联网工程,物联243班
880,202500880,胡秀梅,女,计算机科学与技术学院,人工智能,人工253班
881,202400881,黄宁,女,外国语学院,翻译,翻译244班
882,202500882,杨梅,男,信息与通信工程学院,电子信息工程,电子253班
883,202500883,徐秀梅,女,外国语学院,商务英语,商务253班
884,202500884,阎琳,男,外国语学院,翻译,翻译251班
885,202300885,刘雪,男,信息与通信工程学院,电子信息工程,电子232班
886,202400886,陈凤兰,男,外国语学院,翻译,翻译242班
887,202200887,邵荣,男,数学学院,金融数学,金融222班
888,202500888,丁燕,男,数学学院,金融数学,金融251班
889,202400889,王建,男,电子工程学院,微电子学,微电241班
890,202400890,高洋,男,数学学院,统计学,统计242班
891,202200891,赵秀英,男,数学学院,统计学,统计223班
892,202300892,周红,男,信息与通信工程学院,通信工程,通信231班
893,202200893,翁秀英,男,电子工程学院,微电子学,微电221班
894,202400894,王帆,女,电子工程学院,集成电路设计,集成244班
895,202200895,杨雪梅,男,外国语学院,英语,英语221班
896,202400896,门凤英,女,外国语学院,翻译,翻译243班
897,202300897,李涛,女,信息与通信工程学院,物联网工程,物联234班
898,202400898,赵帅,男,外国语学院,英语,英语244班
899,202200899,刘红霞,女,外国语学院,英语,英语223班
900,202400900,刘博,女,计算机科学与技术学院,网络安全,网络244班
901,202300901,支桂珍,女,外国语学院,翻译,翻译234班
902,202200902,李杨,女,数学学院,金融数学,金融221班
903,202500903,徐杰,男,电子工程学院,微电子学,微电252班
904,202400904,徐桂芳,男,电子工程学院,集成电路设计,集成243班
905,202200905,刘宁,女,信息与通信工程学院,电子信息工程,电子223班
906,202500906,李刚,女,计算机科学与技术学院,人工智能,人工253班
907,202400907,程龙,男,信息与通信工程学院,物联网工程,物联242班
908,202300908,周红霞,男,数学学院,金融数学,金融232班
909,202300909,郭红,男,电子工程学院,微电子学,微电232班
910,202300910,唐鑫,男,外国语学院,翻译,翻译231班
911,202200911,谭俊,男,计算机科学与技术学院,数据科学,数据224班
912,202400912,向建,女,电子工程学院,光电信息,光电243班
913,202400913,马淑兰,女,数学学院,数学与应用数学,数学242班
914,202200914,佟健,女,外国语学院,英语,英语224班
915,202400915,王梅,女,外国语学院,英语,英语242班
916,202500916,刘楠,女,数学学院,数学与应用数学,数学251班
917,202500917,杨冬梅,男,计算机科学与技术学院,人工智能,人工253班
918,202400918,陈淑华,男,电子工程学院,光电信息,光电243班
919,202500919,秦桂香,女,信息与通信工程学院,电子信息工程,电子253班
920,202500920,张莉,男,信息与通信工程学院,电子信息工程,电子254班
921,202500921,王秀珍,女,电子工程学院,集成电路设计,集成254班
922,202300922,范洋,男,信息与通信工程学院,物联网工程,物联231班
923,202500923,林丽丽,女,电子工程学院,微电子学,微电252班
924,202300924,黄燕,女,信息与通信工程学院,物联网工程,物联231班
925,202500925,杨鹏,男,信息与通信工程学院,电子信息工程,电子253班
926,202400926,刘建华,男,数学学院,统计学,统计244班
927,202200927,张建军,男,计算机科学与技术学院,人工智能,人工223班
928,202200928,方桂香,女,数学学院,金融数学,金融223班
929,202400929,唐海燕,女,电子工程学院,集成电路设计,集成243班
930,202200930,衡晶,女,计算机科学与技术学院,数据科学,数据222班
931,202300931,潘波,女,外国语学院,商务英语,商务233班
932,202500932,胡燕,女,电子工程学院,光电信息,光电251班
933,202400933,朱博,女,数学学院,金融数学,金融242班
934,202400934,蒋欣,女,信息与通信工程学院,物联网工程,物联244班
935,202300935,李金凤,女,计算机科学与技术学院,软件工程,软件232班
936,202400936,计兵,女,电子工程学院,集成电路设计,集成244班
937,202400937,萧磊,女,电子工程学院,集成电路设计,集成244班
938,202200938,谢帆,男,信息与通信工程学院,通信工程,通信222班
939,202200939,徐春梅,男,电子工程学院,光电信息,光电222班
940,202200940,王宁,男,数学学院,数学与应用数学,数学224班
941,202200941,陈帅,女,外国语学院,英语,英语221班
942,202300942,黎辉,男,计算机科学与技术学院,网络安全,网络234班
943,202300943,李勇,女,电子工程学院,微电子学,微电234班
944,202300944,马畅,男,信息与通信工程学院,通信工程,通信231班
945,202500945,许秀华,女,电子工程学院,集成电路设计,集成253班
946,202300946,郑桂芳,男,外国语学院,翻译,翻译234班
947,202400947,张丽丽,女,外国语学院,翻译,翻译244班
948,202200948,车柳,女,外国语学院,英语,英语223班
949,202400949,梁梅,男,电子工程学院,集成电路设计,集成243班
950,202300950,罗琳,女,计算机科学与技术学院,软件工程,软件233班
951,202200951,刘丽华,女,数学学院,金融数学,金融224班
952,202500952,宋刚,女,电子工程学院,微电子学,微电252班
953,202300953,张勇,女,计算机科学与技术学院,网络安全,网络234班
954,202300954,栗杰,女,数学学院,数学与应用数学,数学234班
955,202200955,杨玉英,女,信息与通信工程学院,电子信息工程,电子222班
956,202400956,黄兰英,女,外国语学院,商务英语,商务243班
957,202200957,葛小红,男,数学学院,数学与应用数学,数学222班
958,202500958,魏丽华,女,电子工程学院,微电子学,微电253班
959,202300959,杜桂珍,女,外国语学院,翻译,翻译231班
960,202200960,张琳,男,信息与通信工程学院,通信工程,通信221班
961,202300961,刘建军,女,电子工程学院,集成电路设计,集成231班
962,202300962,陈波,男,信息与通信工程学院,通信工程,通信234班
963,202500963,王婷,女,信息与通信工程学院,电子信息工程,电子254班
964,202200964,隋春梅,女,电子工程学院,集成电路设计,集成221班
965,202400965,陈英,女,信息与通信工程学院,通信工程,通信241班
966,202300966,张丽华,男,外国语学院,翻译,翻译233班
967,202200967,姚海燕,男,数学学院,数学与应用数学,数学224班
968,202200968,张建军,男,数学学院,数学与应用数学,数学224班
969,202500969,韩桂花,女,计算机科学与技术学院,人工智能,人工253班
970,202200970,欧军,男,电子工程学院,微电子学,微电223班
971,202400971,易建军,男,数学学院,金融数学,金融243班
972,202200972,李娜,男,计算机科学与技术学院,人工智能,人工224班
973,202300973,李东,女,电子工程学院,微电子学,微电231班
974,202200974,徐丹丹,男,数学学院,数学与应用数学,数学224班
975,202400975,叶俊,男,外国语学院,英语,英语242班
976,202200976,卢健,女,信息与通信工程学院,电子信息工程,电子221班
977,202300977,冯秀梅,男,计算机科学与技术学院,网络安全,网络232班
978,202400978,孙秀英,女,数学学院,数学与应用数学,数学244班
979,202500979,曹帅,女,信息与通信工程学院,通信工程,通信252班
980,202500980,杨岩,女,电子工程学院,微电子学,微电253班
981,202500981,赵桂珍,男,外国语学院,商务英语,商务252班
982,202400982,金慧,女,外国语学院,翻译,翻译243班
983,202300983,葛秀云,男,外国语学院,商务英语,商务232班
984,202400984,胡桂英,女,数学学院,统计学,统计244班
985,202300985,王帆,男,计算机科学与技术学院,数据科学,数据233班
986,202400986,李兰英,男,外国语学院,英语,英语244班
987,202500987,何波,男,信息与通信工程学院,物联网工程,物联253班
988,202400988,汪秀荣,男,电子工程学院,集成电路设计,集成241班
989,202200989,朱华,男,外国语学院,商务英语,商务222班
990,202300990,孙雷,男,信息与通信工程学院,通信工程,通信234班
991,202200991,缪杨,女,信息与通信工程学院,通信工程,通信224班
992,202400992,钟杰,男,外国语学院,商务英语,商务243班
993,202200993,覃亮,男,信息与通信工程学院,物联网工程,物联222班
994,202500994,王杨,男,数学学院,数学与应用数学,数学253班
995,202500995,梁瑜,女,外国语学院,商务英语,商务251班
996,202200996,崔鹏,男,外国语学院,翻译,翻译223班
997,202200997,易敏,男,计算机科学与技术学院,人工智能,人工222班
998,202300998,房秀芳,男,外国语学院,翻译,翻译232班
999,202300999,龚伟,女,外国语学院,商务英语,商务231班
1000,202501000,李玲,女,外国语学院,翻译,翻译251班
